,from,to,inter
0,R_1,R_3,год россия
1,R_1,R_4,год который наш свой такой тот человек это
2,R_1,R_5,год который
3,R_1,R_6,россия
4,R_1,R_7,год дело который суд
5,R_1,R_10,год россия
6,R_1,R_11,год
7,R_1,R_12,год дело россия
8,R_1,R_13,республика
9,R_1,R_14,год дело который правительство россия суд
10,R_1,R_15,человек
11,R_1,R_16,год который человек
12,R_1,R_17,выборы год который россия человек это
13,R_1,R_18,который россия
14,R_1,R_19,год который наш республика россия свой
15,R_1,R_20,год который россия свой
16,R_1,R_22,год который свой человек это
17,R_1,R_24,год который свой человек это
18,R_1,R_25,год который
19,R_1,R_27,год который россия это
20,R_1,R_28,деньга который
21,R_1,R_30,год дело который суд
22,R_1,R_30,который правительство человек
23,R_1,R_30,человек
24,R_1,R_30,власть год который правительство россия свой это
25,R_1,R_30,власть год который правительство россия свой человек это
26,R_1,R_30,год
27,R_1,R_30,выборы депутат который парламент партия политический правительство россия свой
28,R_1,R_30,который
29,R_1,R_30,россия
30,R_1,R_30,который тот человек
31,R_1,R_30,власть суд
32,R_1,R_30,год который россия
33,R_1,R_30,год который россия свой это
34,R_1,R_30,год россия
35,R_1,R_30,год россия
36,R_1,R_30,год дело который суд
37,R_1,R_30,который республика человек
38,R_1,R_30,дело человек
39,R_1,R_30,дело который россия
40,R_1,R_30,год
41,R_1,R_30,который человек
42,R_1,R_30,год россия
43,R_1,R_30,который
44,R_1,R_30,год который такой человек это
45,R_1,R_30,год который свой человек это
46,R_1,R_30,который человек
47,R_2,R_4,год который новый это
48,R_2,R_5,год который новый
49,R_2,R_6,волгоградский
50,R_2,R_7,волгоградский год который
51,R_2,R_8,волгоградский
52,R_2,R_10,волгоградский год
53,R_2,R_11,волгоградский год
54,R_2,R_12,волгоградский год
55,R_2,R_14,год который
56,R_2,R_15,волгоградский новый
57,R_2,R_16,волгоградский год который состояться
58,R_2,R_17,волгоградский год который челябинский это
59,R_2,R_18,волгоградский который
60,R_2,R_19,год который культура состояться фестиваль
61,R_2,R_20,волгоградский год который культура
62,R_2,R_22,волгоградский год который это
63,R_2,R_24,волгоградский год который новый это
64,R_2,R_25,волгоградский год который
65,R_2,R_26,волгоградский
66,R_2,R_27,волгоградский год который новый это
67,R_2,R_28,который
68,R_2,R_30,волгоградский год который
69,R_2,R_30,который
70,R_2,R_30,год который новый это
71,R_2,R_30,год который новый это
72,R_2,R_30,год
73,R_2,R_30,который
74,R_2,R_30,который
75,R_2,R_30,который
76,R_2,R_30,год который
77,R_2,R_30,год который новый это
78,R_2,R_30,год
79,R_2,R_30,год
80,R_2,R_30,год который
81,R_2,R_30,который
82,R_2,R_30,который
83,R_2,R_30,год
84,R_2,R_30,который
85,R_2,R_30,год
86,R_2,R_30,который
87,R_2,R_30,год который новый это
88,R_2,R_30,актёр год который режиссёр театр это
89,R_2,R_30,который
90,R_3,R_5,год
91,R_3,R_6,волгоградский россия
92,R_3,R_7,волгоградский год млн рубль сумма услуга
93,R_3,R_8,волгоградский
94,R_3,R_10,волгоградский год продукт россия рубль услуга
95,R_3,R_11,волгоградский год
96,R_3,R_12,волгоградский год россия
97,R_3,R_14,год россия рубль
98,R_3,R_15,волгоградский
99,R_3,R_16,волгоградский год
100,R_3,R_17,волгоградский год россия
101,R_3,R_18,волгоградский россия
102,R_3,R_19,год россия
103,R_3,R_20,волгоградский год россия
104,R_3,R_22,волгоградский год
105,R_3,R_24,волгоградский год рубль
106,R_3,R_25,волгоградский год
107,R_3,R_26,волгоградский
108,R_3,R_27,волгоградский год россия рубль
109,R_3,R_28,банк банковский карта рубль
110,R_3,R_30,волгоградский год
111,R_3,R_30,операция
112,R_3,R_30,год россия
113,R_3,R_30,год млн россия
114,R_3,R_30,год млн млрд
115,R_3,R_30,россия
116,R_3,R_30,операция
117,R_3,R_30,млн
118,R_3,R_30,банк россия рубль
119,R_3,R_30,банк банковский вклад втб год кредит кредитный млрд россия сбербанк ставка
120,R_3,R_30,год россия
121,R_3,R_30,банк год россия ставка
122,R_3,R_30,банк год млн млрд россия ставка сумма
123,R_3,R_30,год
124,R_3,R_30,операция
125,R_3,R_30,россия
126,R_3,R_30,год
127,R_3,R_30,год млн млрд россия
128,R_3,R_30,млн млрд
129,R_3,R_30,год
130,R_3,R_30,год
131,R_4,R_6,волгоград дом
132,R_4,R_7,год дом который
133,R_4,R_8,волгоград
134,R_4,R_10,год
135,R_4,R_11,волгоград год
136,R_4,R_12,год
137,R_4,R_13,город
138,R_4,R_14,год который работа также
139,R_4,R_15,новый человек
140,R_4,R_16,волгоград год город день дом который человек
141,R_4,R_17,год город день который работа также человек это
142,R_4,R_18,который первый стать
143,R_4,R_19,год город день который наш работа свой стать
144,R_4,R_20,год город день который работа свой
145,R_4,R_21,вода дом работа
146,R_4,R_22,год который свой человек это
147,R_4,R_23,волгоград
148,R_4,R_24,год дом который новый работа свой человек это
149,R_4,R_25,волгоград год день который также
150,R_4,R_26,волгоград день
151,R_4,R_27,волгоград год который новый работа также это
152,R_4,R_28,который
153,R_4,R_29,волгоград город
154,R_4,R_30,волгоград год дом который
155,R_4,R_30,время город который человек
156,R_4,R_30,день
157,R_4,R_30,дом человек
158,R_4,R_30,год который новый свой также это
159,R_4,R_30,время год город который новый первый работа свой стать также человек это
160,R_4,R_30,год
161,R_4,R_30,который свой
162,R_4,R_30,город который
163,R_4,R_30,день
164,R_4,R_30,день
165,R_4,R_30,время который тот человек
166,R_4,R_30,год который
167,R_4,R_30,год дом который новый свой это
168,R_4,R_30,год
169,R_4,R_30,год
170,R_4,R_30,год который также
171,R_4,R_30,который человек
172,R_4,R_30,день
173,R_4,R_30,город дом человек
174,R_4,R_30,который
175,R_4,R_30,год первый
176,R_4,R_30,город который человек
177,R_4,R_30,год
178,R_4,R_30,который
179,R_4,R_30,вода год который мочь новый работа такой человек это
180,R_4,R_30,время год город день дом жизнь который один самый свой стать человек это
181,R_4,R_30,вода который человек
182,R_5,R_7,год дом который район
183,R_5,R_8,волгоград дорога район улица
184,R_5,R_10,год
185,R_5,R_11,волгоград год
186,R_5,R_12,год житель район
187,R_5,R_13,администрация город городской объект проект ул участок
188,R_5,R_14,год житель который работа также тула
189,R_5,R_15,новый
190,R_5,R_16,волгоград год город дом житель который район улица
191,R_5,R_17,быть глава год город житель который объект работа район также территория участок
192,R_5,R_18,который
193,R_5,R_19,год город который проект работа район
194,R_5,R_20,год город который работа
195,R_5,R_21,администрация городской движение дом дорожный работа район тула ул улица участок
196,R_5,R_22,год который район
197,R_5,R_23,волгоград движение дорога район тула улица
198,R_5,R_24,год дом который новый работа район
199,R_5,R_25,волгоград год житель который район также улица
200,R_5,R_26,волгоград
201,R_5,R_27,волгоград глава год который новый проект работа район также
202,R_5,R_28,который
203,R_5,R_29,быть волгоград город движение район транспорт
204,R_5,R_30,волгоград год дом житель который район
205,R_5,R_30,город который
206,R_5,R_30,дом
207,R_5,R_30,глава год который новый также
208,R_5,R_30,быть глава год город который новый проект работа также
209,R_5,R_30,год
210,R_5,R_30,глава который
211,R_5,R_30,город который
212,R_5,R_30,который
213,R_5,R_30,год который
214,R_5,R_30,администрация глава год дом который новый
215,R_5,R_30,год
216,R_5,R_30,год
217,R_5,R_30,год который также
218,R_5,R_30,который район
219,R_5,R_30,город дом
220,R_5,R_30,который
221,R_5,R_30,год
222,R_5,R_30,город движение дорога который район
223,R_5,R_30,год проект
224,R_5,R_30,который территория
225,R_5,R_30,год который новый работа
226,R_5,R_30,год город дом который
227,R_5,R_30,который
228,R_6,R_8,волгоград волгоградский гу область пострадать произойти район улица
229,R_6,R_10,волгоградский область россия
230,R_6,R_11,волгоград волгоградский область служба
231,R_6,R_12,волгоградский гу область район россия
232,R_6,R_13,площадь
233,R_6,R_14,область россия
234,R_6,R_15,волгоградский область
235,R_6,R_16,волгоград волгоградский гу дом область произойти район улица
236,R_6,R_17,волгоградский область район россия
237,R_6,R_18,волгоградский россия
238,R_6,R_19,район россия
239,R_6,R_20,волгоградский россия
240,R_6,R_21,дом район улица
241,R_6,R_22,волгоградский район
242,R_6,R_23,волгоград погибнуть пострадать произойти происшествие район улица
243,R_6,R_24,волгоградский дом область район
244,R_6,R_25,волгоград волгоградский область район улица
245,R_6,R_26,волгоград волгоградский область
246,R_6,R_27,волгоград волгоградский область район россия
247,R_6,R_29,волгоград район
248,R_6,R_30,волгоград волгоградский дом область произойти район
249,R_6,R_30,погибнуть
250,R_6,R_30,возгорание гореть дом мчс огонь площадь погибнуть пожар пожарный пострадать потушить причина произойти происшествие расчёт сгореть
251,R_6,R_30,россия
252,R_6,R_30,область россия
253,R_6,R_30,россия
254,R_6,R_30,россия
255,R_6,R_30,погибнуть причина произойти
256,R_6,R_30,россия
257,R_6,R_30,дом россия
258,R_6,R_30,россия
259,R_6,R_30,россия
260,R_6,R_30,погибнуть район
261,R_6,R_30,область
262,R_6,R_30,дом погибнуть пострадать произойти происшествие
263,R_6,R_30,россия
264,R_6,R_30,погибнуть пострадать произойти происшествие район
265,R_6,R_30,россия
266,R_6,R_30,дом
267,R_7,R_10,волгоградский год область рубль услуга
268,R_7,R_11,волгоградский год область
269,R_7,R_12,волгоградский год дело область район
270,R_7,R_13,документ право
271,R_7,R_14,год дело который область рубль суд
272,R_7,R_15,волгоградский область
273,R_7,R_16,волгоградский год дом который область район
274,R_7,R_17,волгоградский год который область район
275,R_7,R_18,волгоградский который
276,R_7,R_19,год который район
277,R_7,R_20,волгоградский год который
278,R_7,R_21,дом район
279,R_7,R_22,волгоградский год который район
280,R_7,R_23,район
281,R_7,R_24,волгоградский год дом который область район рубль
282,R_7,R_25,волгоградский год который область район
283,R_7,R_26,волгоградский область
284,R_7,R_27,волгоградский год который область район рубль
285,R_7,R_28,который рубль тысяча
286,R_7,R_29,район
287,R_7,R_30,волгоградский год дело дом который область район суд
288,R_7,R_30,который
289,R_7,R_30,компания
290,R_7,R_30,дом
291,R_7,R_30,год который
292,R_7,R_30,год компания который млн область
293,R_7,R_30,год компания млн
294,R_7,R_30,который
295,R_7,R_30,который
296,R_7,R_30,млн
297,R_7,R_30,рубль
298,R_7,R_30,который
299,R_7,R_30,суд
300,R_7,R_30,год который
301,R_7,R_30,год дом который
302,R_7,R_30,год
303,R_7,R_30,год млн сумма
304,R_7,R_30,год дело компания который прокуратура суд
305,R_7,R_30,который район
306,R_7,R_30,область
307,R_7,R_30,дело дом
308,R_7,R_30,дело который прокуратура
309,R_7,R_30,год
310,R_7,R_30,который район
311,R_7,R_30,год компания млн
312,R_7,R_30,компания млн
313,R_7,R_30,который
314,R_7,R_30,год который
315,R_7,R_30,год дом который
316,R_7,R_30,который
317,R_8,R_10,волгоградский область
318,R_8,R_11,волгоград волгоградский область
319,R_8,R_12,волгоградский гу летний мвд область район
320,R_8,R_14,область
321,R_8,R_15,больница волгоградский область
322,R_8,R_16,волгоград волгоградский гу дтп область произойти район улица
323,R_8,R_17,волгоградский область район
324,R_8,R_18,волгоградский
325,R_8,R_19,район
326,R_8,R_20,волгоградский
327,R_8,R_21,район улица
328,R_8,R_22,волгоградский район
329,R_8,R_23,авария автомобиль водитель волгоград дорога дтп иномарка летний пострадать произойти район результат руль травма улица
330,R_8,R_24,волгоградский область район
331,R_8,R_25,волгоград волгоградский область район улица
332,R_8,R_26,волгоград волгоградский область
333,R_8,R_27,волгоград волгоградский область район
334,R_8,R_28,женщина летний мвд
335,R_8,R_29,волгоград район
336,R_8,R_30,волгоград волгоградский женщина летний мвд область произойти район
337,R_8,R_30,пострадать произойти результат
338,R_8,R_30,область
339,R_8,R_30,произойти
340,R_8,R_30,район результат
341,R_8,R_30,область
342,R_8,R_30,пострадать произойти результат
343,R_8,R_30,мвд
344,R_8,R_30,авария автомобиль водитель дорога дтп пострадать произойти район результат
345,R_8,R_30,женщина летний
346,R_9,R_12,статья
347,R_9,R_24,помощь
348,R_9,R_24,помощь
349,R_10,R_12,волгоградский год область россия
350,R_10,R_14,год область россия рубль
351,R_10,R_15,волгоградский область
352,R_10,R_16,волгоградский год область
353,R_10,R_17,волгоградский год область россия
354,R_10,R_18,волгоградский россия
355,R_10,R_19,год россия
356,R_10,R_20,волгоградский год россия
357,R_10,R_22,волгоградский год
358,R_10,R_24,волгоградский год область рубль
359,R_10,R_25,волгоградский год область
360,R_10,R_26,волгоградский область
361,R_10,R_27,волгоградский год область россия рубль
362,R_10,R_28,рубль
363,R_10,R_30,волгоградский год область
364,R_10,R_30,вырасти рост рынок снизиться составить цена
365,R_10,R_30,год россия
366,R_10,R_30,рост рынок
367,R_10,R_30,год область россия тыс
368,R_10,R_30,вырасти год снизиться составить
369,R_10,R_30,россия
370,R_10,R_30,бензин рост рынок составить спрос цена
371,R_10,R_30,россия руб рубль рынок составить
372,R_10,R_30,год россия руб рынок
373,R_10,R_30,год россия
374,R_10,R_30,вырасти год инфляция месяц россия рост рынок снизиться составить цена
375,R_10,R_30,год россия руб рынок составить цена
376,R_10,R_30,год
377,R_10,R_30,область
378,R_10,R_30,россия
379,R_10,R_30,год
380,R_10,R_30,год россия цена
381,R_10,R_30,рост рынок цена
382,R_10,R_30,год
383,R_10,R_30,год
384,R_11,R_14,год область
385,R_11,R_15,волгоградский область
386,R_11,R_16,волгоград волгоградский год область
387,R_11,R_17,волгоградский год область
388,R_11,R_18,волгоградский
389,R_11,R_19,год
390,R_11,R_20,волгоградский год
391,R_11,R_22,волгоградский год
392,R_11,R_23,волгоград
393,R_11,R_24,волгоградский год область
394,R_11,R_25,волгоград волгоградский год область
395,R_11,R_26,волгоград волгоградский область
396,R_11,R_27,волгоград волгоградский год область
397,R_11,R_29,волгоград
398,R_11,R_30,волгоград волгоградский год область
399,R_11,R_30,армия военнослужащий военный войско
400,R_11,R_30,военный год
401,R_11,R_30,год область
402,R_11,R_30,год
403,R_11,R_30,военный войско
404,R_11,R_30,экипаж
405,R_11,R_30,военный
406,R_11,R_30,год
407,R_11,R_30,военный год
408,R_11,R_30,год
409,R_11,R_30,год
410,R_11,R_30,год
411,R_11,R_30,военный
412,R_11,R_30,область
413,R_11,R_30,южный
414,R_11,R_30,год экипаж
415,R_11,R_30,год
416,R_11,R_30,военный
417,R_11,R_30,год
418,R_11,R_30,год
419,R_11,R_30,экипаж
420,R_12,R_14,год дело житель область россия уголовный
421,R_12,R_15,волгоградский область
422,R_12,R_16,волгоградский год гу житель область район
423,R_12,R_17,волгоградский год житель область район россия
424,R_12,R_18,волгоградский россия
425,R_12,R_19,год район россия
426,R_12,R_20,волгоградский год россия
427,R_12,R_21,район
428,R_12,R_22,волгоградский год район
429,R_12,R_23,летний район
430,R_12,R_24,волгоградский год область район
431,R_12,R_25,волгоградский год житель область район
432,R_12,R_26,волгоградский область
433,R_12,R_27,волгоградский год область район россия
434,R_12,R_28,злоумышленник летний мвд мужчина полиция сообщить
435,R_12,R_29,район
436,R_12,R_30,волгоградский год дело житель задержать летний мвд мужчина область полиция район сообщить сотрудник уголовный
437,R_12,R_30,сообщить
438,R_12,R_30,год отношение россия
439,R_12,R_30,год область россия сообщить
440,R_12,R_30,год ранее
441,R_12,R_30,россия
442,R_12,R_30,отношение россия
443,R_12,R_30,преступление
444,R_12,R_30,год россия
445,R_12,R_30,год отношение россия
446,R_12,R_30,год россия
447,R_12,R_30,год россия
448,R_12,R_30,год дело преступление уголовный
449,R_12,R_30,район сотрудник
450,R_12,R_30,область
451,R_12,R_30,дело сообщить сотрудник уголовный
452,R_12,R_30,возбудить дело задержать мвд отношение преступление россия сообщить сотрудник уголовный
453,R_12,R_30,год
454,R_12,R_30,район сообщить сотрудник
455,R_12,R_30,год россия
456,R_12,R_30,год
457,R_12,R_30,год летний мужчина полиция
458,R_13,R_16,город
459,R_13,R_17,город объект участок
460,R_13,R_19,город проект республика
461,R_13,R_20,город
462,R_13,R_21,администрация адрес г городской далее ул участок
463,R_13,R_27,проект
464,R_13,R_29,город
465,R_13,R_29,город
466,R_13,R_29,площадь
467,R_13,R_29,город проект
468,R_13,R_29,город
469,R_13,R_29,администрация
470,R_13,R_29,республика
471,R_13,R_29,город
472,R_13,R_29,город
473,R_13,R_29,проект
474,R_13,R_29,город
475,R_14,R_16,год житель который областной область регион сообщать центр
476,R_14,R_17,год житель который область работа регион региональный россия также управление
477,R_14,R_18,который россия
478,R_14,R_19,год который работа россия центр
479,R_14,R_20,год который работа россия тульский
480,R_14,R_21,работа сообщать тула
481,R_14,R_22,год который
482,R_14,R_23,сообщать тула управление
483,R_14,R_24,год который область работа рубль центр
484,R_14,R_25,год житель который областной область регион также
485,R_14,R_26,область
486,R_14,R_27,год губернатор который область работа регион региональный россия рубль также
487,R_14,R_28,который рубль
488,R_14,R_30,год дело житель который область суд уголовный
489,R_14,R_30,который правительство
490,R_14,R_30,центр
491,R_14,R_30,год который правительство россия также
492,R_14,R_30,год который область правительство работа россия также
493,R_14,R_30,год
494,R_14,R_30,губернатор который правительство россия
495,R_14,R_30,который
496,R_14,R_30,россия рубль
497,R_14,R_30,который
498,R_14,R_30,суд
499,R_14,R_30,год который россия
500,R_14,R_30,год который россия
501,R_14,R_30,год россия
502,R_14,R_30,год россия
503,R_14,R_30,виновный год дело который лишение наказание приговор признать суд также уголовный
504,R_14,R_30,который
505,R_14,R_30,область
506,R_14,R_30,дело уголовный
507,R_14,R_30,дело который россия уголовный управление
508,R_14,R_30,год
509,R_14,R_30,который
510,R_14,R_30,год россия
511,R_14,R_30,который
512,R_14,R_30,год который работа
513,R_14,R_30,год который
514,R_14,R_30,который
515,R_15,R_17,волгоградский область регион человек
516,R_15,R_18,волгоградский
517,R_15,R_20,волгоградский тульский
518,R_15,R_22,волгоградский случай человек
519,R_15,R_24,волгоградский новый область человек
520,R_15,R_25,волгоградский область регион
521,R_15,R_26,волгоградский область
522,R_15,R_27,волгоградский новый область регион
523,R_15,R_30,волгоградский область
524,R_15,R_30,человек
525,R_15,R_30,человек
526,R_15,R_30,новый
527,R_15,R_30,новый область человек
528,R_15,R_30,человек
529,R_15,R_30,новый
530,R_15,R_30,человек
531,R_15,R_30,область
532,R_15,R_30,человек
533,R_15,R_30,человек
534,R_15,R_30,новый человек
535,R_15,R_30,человек
536,R_15,R_30,человек
537,R_16,R_18,волгоградский который
538,R_16,R_19,год город день который пройти район состояться центр
539,R_16,R_20,волгоградский год город день который
540,R_16,R_21,дом район сообщать улица
541,R_16,R_22,волгоградский год который район человек
542,R_16,R_23,волгоград дтп произойти район сообщать улица
543,R_16,R_24,волгоградский год дом который область район центр человек
544,R_16,R_25,автор волгоград волгоградский год день житель который областной область район регион улица
545,R_16,R_26,волгоград волгоградский день область сегодня
546,R_16,R_27,волгоград волгоградский год который область район регион
547,R_16,R_28,который
548,R_16,R_29,волгоград город район
549,R_16,R_30,волгоград волгоградский год дом житель который область произойти район
550,R_16,R_30,город который человек
551,R_16,R_30,день
552,R_16,R_30,дом произойти центр человек
553,R_16,R_30,год который
554,R_16,R_30,год город который область человек
555,R_16,R_30,год
556,R_16,R_30,который
557,R_16,R_30,город который
558,R_16,R_30,день
559,R_16,R_30,день сегодня
560,R_16,R_30,который произойти человек
561,R_16,R_30,год который
562,R_16,R_30,год дом который
563,R_16,R_30,год
564,R_16,R_30,год
565,R_16,R_30,год который
566,R_16,R_30,который район человек
567,R_16,R_30,день область
568,R_16,R_30,город дом произойти человек
569,R_16,R_30,который
570,R_16,R_30,год
571,R_16,R_30,город дтп который произойти район человек
572,R_16,R_30,год
573,R_16,R_30,который
574,R_16,R_30,год который человек
575,R_16,R_30,год город день дом который человек
576,R_16,R_30,который человек
577,R_17,R_19,год город день который работа район россия
578,R_17,R_20,волгоградский год город день который работа россия
579,R_17,R_21,работа район участок
580,R_17,R_22,волгоградский год который район человек это
581,R_17,R_23,район управление
582,R_17,R_24,волгоградский год который область работа район человек это
583,R_17,R_25,волгоградский год день житель который область район регион также
584,R_17,R_26,волгоградский день область
585,R_17,R_27,волгоградский вопрос глава год который область работа район регион региональный россия также это
586,R_17,R_28,который
587,R_17,R_29,быть город общественный район
588,R_17,R_30,волгоградский год житель который область район
589,R_17,R_30,город который человек
590,R_17,R_30,день
591,R_17,R_30,человек
592,R_17,R_30,вопрос глава год который россия также это
593,R_17,R_30,быть глава год город который область работа россия также человек это
594,R_17,R_30,год
595,R_17,R_30,выборы глава голосование избирательный который россия
596,R_17,R_30,город который
597,R_17,R_30,день
598,R_17,R_30,день россия
599,R_17,R_30,который человек
600,R_17,R_30,год который россия
601,R_17,R_30,глава год который россия это
602,R_17,R_30,год россия
603,R_17,R_30,год россия
604,R_17,R_30,год который также
605,R_17,R_30,который район человек
606,R_17,R_30,день область
607,R_17,R_30,город человек
608,R_17,R_30,который россия управление
609,R_17,R_30,год
610,R_17,R_30,город который район человек
611,R_17,R_30,год россия
612,R_17,R_30,который территория
613,R_17,R_30,год который работа человек это
614,R_17,R_30,год город день который человек это
615,R_17,R_30,который человек
616,R_18,R_20,волгоградский который россия
617,R_18,R_22,волгоградский который
618,R_18,R_24,волгоградский который
619,R_18,R_25,волгоградский который
620,R_18,R_26,волгоградский
621,R_18,R_27,волгоградский который россия
622,R_18,R_28,который счёт
623,R_18,R_30,волгоградский который
624,R_18,R_30,который
625,R_18,R_30,место
626,R_18,R_30,который россия
627,R_18,R_30,который первый россия стать
628,R_18,R_30,который россия
629,R_18,R_30,который
630,R_18,R_30,россия
631,R_18,R_30,который
632,R_18,R_30,который россия
633,R_18,R_30,который россия
634,R_18,R_30,россия
635,R_18,R_30,россия
636,R_18,R_30,который
637,R_18,R_30,который
638,R_18,R_30,место
639,R_18,R_30,который россия
640,R_18,R_30,первый
641,R_18,R_30,который место
642,R_18,R_30,россия
643,R_18,R_30,который
644,R_18,R_30,который
645,R_18,R_30,который стать
646,R_18,R_30,который
647,R_19,R_21,работа район
648,R_19,R_22,год который район свой
649,R_19,R_23,район
650,R_19,R_24,год который работа район свой центр школа
651,R_19,R_25,год день который район
652,R_19,R_26,день
653,R_19,R_27,год который программа проект работа район россия
654,R_19,R_28,который
655,R_19,R_29,город район
656,R_19,R_30,год который район
657,R_19,R_30,город который
658,R_19,R_30,акция день
659,R_19,R_30,центр
660,R_19,R_30,год который россия свой
661,R_19,R_30,акция
662,R_19,R_30,год город который проект работа россия свой стать
663,R_19,R_30,акция год
664,R_19,R_30,который россия свой
665,R_19,R_30,город который
666,R_19,R_30,день
667,R_19,R_30,день россия
668,R_19,R_30,который
669,R_19,R_30,год который россия
670,R_19,R_30,год который россия свой
671,R_19,R_30,год россия
672,R_19,R_30,год россия
673,R_19,R_30,год который
674,R_19,R_30,который район республика
675,R_19,R_30,день
676,R_19,R_30,город
677,R_19,R_30,который россия
678,R_19,R_30,год
679,R_19,R_30,город который район
680,R_19,R_30,год проект россия
681,R_19,R_30,акция
682,R_19,R_30,который
683,R_19,R_30,год который работа
684,R_19,R_30,год город день который свой стать
685,R_19,R_30,который
686,R_20,R_22,волгоградский год который свой
687,R_20,R_24,волгоградский год который работа свой
688,R_20,R_25,волгоградский год день который
689,R_20,R_26,волгоградский день
690,R_20,R_27,волгоградский год который работа россия
691,R_20,R_28,который
692,R_20,R_29,город
693,R_20,R_30,волгоградский год который
694,R_20,R_30,город который
695,R_20,R_30,день
696,R_20,R_30,год который россия свой
697,R_20,R_30,открыться
698,R_20,R_30,год город который работа россия свой
699,R_20,R_30,год
700,R_20,R_30,который россия свой
701,R_20,R_30,город который
702,R_20,R_30,день
703,R_20,R_30,день россия
704,R_20,R_30,который
705,R_20,R_30,год который россия
706,R_20,R_30,год который россия свой
707,R_20,R_30,год россия
708,R_20,R_30,год россия
709,R_20,R_30,год который
710,R_20,R_30,который
711,R_20,R_30,день
712,R_20,R_30,город
713,R_20,R_30,который россия
714,R_20,R_30,год
715,R_20,R_30,город который
716,R_20,R_30,год россия
717,R_20,R_30,который
718,R_20,R_30,год который работа
719,R_20,R_30,год город день который свой
720,R_20,R_30,который
721,R_21,R_23,движение район сообщать тула улица
722,R_21,R_24,дом работа район
723,R_21,R_25,район улица
724,R_21,R_27,работа район
725,R_21,R_29,движение остановка район
726,R_21,R_30,дом район
727,R_21,R_30,дом
728,R_21,R_30,работа
729,R_21,R_30,администрация дом
730,R_21,R_30,район
731,R_21,R_30,дом
732,R_21,R_30,движение район
733,R_21,R_30,вода работа
734,R_21,R_30,дом
735,R_21,R_30,вода
736,R_22,R_24,волгоградский год который район свой человек это
737,R_22,R_25,волгоградский год который район
738,R_22,R_26,волгоградский
739,R_22,R_27,волгоградский год который район это
740,R_22,R_28,который телефон
741,R_22,R_29,район
742,R_22,R_30,волгоградский год который район
743,R_22,R_30,который человек
744,R_22,R_30,человек
745,R_22,R_30,год который свой это
746,R_22,R_30,год который свой человек это
747,R_22,R_30,год
748,R_22,R_30,который свой
749,R_22,R_30,который
750,R_22,R_30,который человек
751,R_22,R_30,год который
752,R_22,R_30,год который свой это
753,R_22,R_30,год
754,R_22,R_30,год
755,R_22,R_30,год который
756,R_22,R_30,который район человек
757,R_22,R_30,человек
758,R_22,R_30,который
759,R_22,R_30,год
760,R_22,R_30,который район человек
761,R_22,R_30,год
762,R_22,R_30,который
763,R_22,R_30,год животное который человек это
764,R_22,R_30,год который свой человек это
765,R_22,R_30,который человек
766,R_23,R_25,волгоград район улица
767,R_23,R_26,волгоград
768,R_23,R_27,волгоград район
769,R_23,R_28,летний
770,R_23,R_29,волгоград движение пассажир район
771,R_23,R_30,волгоград летний произойти район
772,R_23,R_30,погибнуть
773,R_23,R_30,погибнуть пострадать произойти происшествие результат
774,R_23,R_30,пассажир погибнуть произойти
775,R_23,R_30,погибнуть район результат
776,R_23,R_30,погибнуть пострадать произойти происшествие результат
777,R_23,R_30,управление
778,R_23,R_30,авария автомобиль водитель движение дорога дтп машина пассажир погибнуть пострадать произойти происшествие район результат
779,R_23,R_30,летний
780,R_24,R_26,волгоградский область
781,R_24,R_27,волгоградский год который новый область поддержка работа район рубль это
782,R_24,R_28,который рубль
783,R_24,R_29,район
784,R_24,R_30,волгоградский год дом который область район
785,R_24,R_30,который человек
786,R_24,R_30,дом центр человек
787,R_24,R_30,год который новый свой это
788,R_24,R_30,год который новый область работа свой человек это
789,R_24,R_30,год
790,R_24,R_30,который свой
791,R_24,R_30,который
792,R_24,R_30,рубль
793,R_24,R_30,который человек
794,R_24,R_30,год который
795,R_24,R_30,год дом который новый свой это
796,R_24,R_30,год
797,R_24,R_30,год
798,R_24,R_30,год который
799,R_24,R_30,который район человек
800,R_24,R_30,область
801,R_24,R_30,дом человек
802,R_24,R_30,который
803,R_24,R_30,год
804,R_24,R_30,который район человек
805,R_24,R_30,год
806,R_24,R_30,который
807,R_24,R_30,год который новый помощь работа человек это
808,R_24,R_30,год дом который ребёнок свой человек это
809,R_24,R_30,который человек
810,R_25,R_27,волгоград волгоградский год который область район регион также
811,R_25,R_28,который
812,R_25,R_29,волгоград район
813,R_25,R_30,волгоград волгоградский год житель который область район
814,R_25,R_30,который
815,R_25,R_30,день
816,R_25,R_30,год который также
817,R_25,R_30,год который область также
818,R_25,R_30,год
819,R_25,R_30,который
820,R_25,R_30,который
821,R_25,R_30,день
822,R_25,R_30,день
823,R_25,R_30,который
824,R_25,R_30,год который
825,R_25,R_30,год который
826,R_25,R_30,год
827,R_25,R_30,год
828,R_25,R_30,год который также
829,R_25,R_30,который район
830,R_25,R_30,день область
831,R_25,R_30,который
832,R_25,R_30,год
833,R_25,R_30,который район
834,R_25,R_30,год
835,R_25,R_30,который
836,R_25,R_30,год который
837,R_25,R_30,год день который
838,R_25,R_30,который
839,R_26,R_29,волгоград
840,R_26,R_30,волгоград волгоградский область
841,R_26,R_30,день
842,R_26,R_30,ожидаться
843,R_26,R_30,область
844,R_26,R_30,день
845,R_26,R_30,день сегодня
846,R_26,R_30,ветер воздух градус гроза день дождь ночью область ожидаться осадка осадки погода прогреться синоптик снег температура термометр
847,R_26,R_30,день
848,R_27,R_29,волгоград район
849,R_27,R_30,волгоград волгоградский год который область район
850,R_27,R_30,который
851,R_27,R_30,вопрос глава год который новый отметить россия также это
852,R_27,R_30,глава год который новый область отметить проект работа россия также это
853,R_27,R_30,год
854,R_27,R_30,глава губернатор который россия
855,R_27,R_30,который
856,R_27,R_30,россия рубль
857,R_27,R_30,который
858,R_27,R_30,год который россия
859,R_27,R_30,глава год который новый россия это
860,R_27,R_30,год россия
861,R_27,R_30,год россия федеральный
862,R_27,R_30,год который также
863,R_27,R_30,который район
864,R_27,R_30,область
865,R_27,R_30,который россия
866,R_27,R_30,год
867,R_27,R_30,который район
868,R_27,R_30,год проект россия
869,R_27,R_30,который
870,R_27,R_30,год который новый работа это
871,R_27,R_30,год который это
872,R_27,R_30,который
873,R_28,R_30,женщина который летний мвд мужчина полиция сообщить
874,R_28,R_30,который
875,R_28,R_30,сообщить
876,R_28,R_30,который
877,R_28,R_30,который сообщить
878,R_28,R_30,который
879,R_28,R_30,который
880,R_28,R_30,банк рубль
881,R_28,R_30,который
882,R_28,R_30,банк банковский который
883,R_28,R_30,который
884,R_28,R_30,банк
885,R_28,R_30,банк денежный
886,R_28,R_30,который
887,R_28,R_30,который
888,R_28,R_30,сообщить
889,R_28,R_30,который мвд сообщить
890,R_28,R_30,который сообщить
891,R_28,R_30,который
892,R_28,R_30,который
893,R_28,R_30,женщина который летний мужчина полиция
894,R_28,R_30,который
895,R_29,R_30,город
896,R_29,R_30,быть город
897,R_29,R_30,город
898,R_29,R_30,пассажир пассажирский рейс
899,R_29,R_30,район
900,R_29,R_30,город
901,R_29,R_30,станция
902,R_29,R_30,автобус город движение пассажир поезд район
903,R_29,R_30,город
904,R_30,R_30,дом произойти сообщить
905,R_30,R_30,год который
906,R_30,R_30,год который область сообщить
907,R_30,R_30,год
908,R_30,R_30,который
909,R_30,R_30,который
910,R_30,R_30,который находиться произойти
911,R_30,R_30,суд
912,R_30,R_30,год который
913,R_30,R_30,год дом который
914,R_30,R_30,год
915,R_30,R_30,год
916,R_30,R_30,год дело который суд убийство уголовный
917,R_30,R_30,который район сотрудник
918,R_30,R_30,область
919,R_30,R_30,дело дом находиться произойти сообщить сотрудник уголовный
920,R_30,R_30,дело задержать который мвд следственный сообщить сотрудник убийство уголовный факт
921,R_30,R_30,год
922,R_30,R_30,который находиться произойти район сообщить сотрудник
923,R_30,R_30,год
924,R_30,R_30,который
925,R_30,R_30,год который обнаружить
926,R_30,R_30,год дом женщина который летний мужчина полиция
927,R_30,R_30,который находиться
928,C_1,R_30,погибнуть человек
929,C_1,R_30,военный заявить который правительство президент страна
930,C_1,R_30,сша
931,C_1,R_30,время город который правительство страна человек
932,C_1,R_30,который правительство президент страна
933,C_1,R_30,военный войско город который оон операция сила страна сша
934,C_1,R_30,сша
935,C_1,R_30,американский
936,C_1,R_30,время который погибнуть человек
937,C_1,R_30,военный президент
938,C_1,R_30,который
939,C_1,R_30,американский военный заявить который президент страна сша
940,C_1,R_30,страна сша
941,C_1,R_30,который
942,C_1,R_30,боевик военный который операция погибнуть сша человек
943,C_1,R_30,город погибнуть человек
944,C_1,R_30,который президент
945,C_1,R_30,город который погибнуть человек
946,C_1,R_30,боевик военный заявить который оон сша
947,C_1,R_30,который человек
948,C_1,R_30,время город который человек
949,C_1,R_30,который человек
950,C_2,R_30,российский
951,C_2,R_30,акция индекс ммвб мск пункт российский рост ртс рынок сессия сша торг фон фондовый
952,C_2,R_30,компания российский
953,C_2,R_30,акция вырасти итог компания снизиться составить
954,C_2,R_30,сша
955,C_2,R_30,день нефть отметка рост рынок составить сша торг цена
956,C_2,R_30,день отметка рынок составить торг торговый уровень
957,C_2,R_30,российский рынок
958,C_2,R_30,российский сша
959,C_2,R_30,аналитик вырасти итог рост рынок снижение снизиться составить сша уровень цена
960,C_2,R_30,рынок составить цена
961,C_2,R_30,компания
962,C_2,R_30,сша
963,C_2,R_30,день
964,C_2,R_30,российский
965,C_2,R_30,компания российский цена
966,C_2,R_30,акция аналитик бумага компания котировка российский рост рынок сессия снижение торг фон фондовый цена
967,C_2,R_30,сектор сша
968,C_2,R_30,день
969,C_2,R_30,российский
970,C_3,R_30,мск
971,C_3,R_30,москва сообщить человек
972,C_3,R_30,погибнуть причина произойти человек
973,C_3,R_30,дом
974,C_3,R_30,москва
975,C_3,R_30,погибнуть результат человек
976,C_3,R_30,москва
977,C_3,R_30,дом здание место погибнуть пострадать произойти происшествие результат сообщить человек
978,C_3,R_30,москва сообщить
979,C_3,R_30,место москва погибнуть пострадать произойти происшествие результат сообщить человек
980,C_3,R_30,человек
981,C_3,R_30,дом человек
982,C_3,R_30,человек
983,C_4,R_30,власть глава год который новый отметить правительство российский россия свой слово страна также это
984,C_4,R_30,год
985,C_4,R_30,глава который правительство президент россия свой страна украина
986,C_4,R_30,военный который страна
987,C_4,R_30,отношение россия
988,C_4,R_30,который
989,C_4,R_30,власть военный президент
990,C_4,R_30,год который российский россия
991,C_4,R_30,военный глава год заявить который новый отношение президент российский россия свой страна это ядерный
992,C_4,R_30,год россия страна
993,C_4,R_30,год россия
994,C_4,R_30,год который решение также
995,C_4,R_30,военный который
996,C_4,R_30,который отношение президент российский россия
997,C_4,R_30,год
998,C_4,R_30,который
999,C_4,R_30,год переговоры российский россия украина украинский
1000,C_4,R_30,российский
1001,C_4,R_30,военный заявить который переговоры
1002,C_4,R_30,год который новый это
1003,C_4,R_30,год который свой слово это
1004,C_4,R_30,который российский
1005,C_5,R_30,акция
1006,C_5,R_30,сша
1007,C_5,R_30,биржа рост рынок сша торг
1008,C_5,R_30,европейский рынок торг
1009,C_5,R_30,российский рынок
1010,C_5,R_30,российский сша
1011,C_5,R_30,рост рынок сша
1012,C_5,R_30,рынок
1013,C_5,R_30,сша
1014,C_5,R_30,ожидаться
1015,C_5,R_30,российский
1016,C_5,R_30,европа российский
1017,C_5,R_30,акция главное рбк российский рост рынок сессия торг финансы фон фондовый
1018,C_5,R_30,сша
1019,C_5,R_30,российский
1020,C_6,R_30,глава который правительство россия свой страна
1021,C_6,R_30,город который страна
1022,C_6,R_30,млн
1023,C_6,R_30,россия
1024,C_6,R_30,время который человек
1025,C_6,R_30,власть
1026,C_6,R_30,год который российский россия
1027,C_6,R_30,глава год который новый российский россия свой страна это
1028,C_6,R_30,год россия страна
1029,C_6,R_30,год млн россия
1030,C_6,R_30,год компания который москва также
1031,C_6,R_30,который человек
1032,C_6,R_30,москва область
1033,C_6,R_30,город сообщить человек
1034,C_6,R_30,который москва российский россия сообщить
1035,C_6,R_30,год первый
1036,C_6,R_30,город который москва сообщить человек
1037,C_6,R_30,год компания млн проект российский россия
1038,C_6,R_30,главное компания млн российский
1039,C_6,R_30,который
1040,C_6,R_30,год который новый работа человек это
1041,C_6,R_30,время год город который свой слово стать человек это
1042,C_6,R_30,который российский человек
1043,C_7,R_30,долл млн составить
1044,C_7,R_30,евро составить
1045,C_7,R_30,год долл евро млрд объём финансовый
1046,C_7,R_30,год против
1047,C_7,R_30,вырасти год итог квартал объём показатель снизиться составить сравнение
1048,C_7,R_30,год млн млрд объём составить
1049,C_7,R_30,год компания
1050,C_7,R_30,год
1051,C_7,R_30,год долл компания млн млрд объём
1052,C_7,R_30,акция долл компания млн млрд продажа
1053,C_7,R_30,год
1054,C_7,R_30,год
1055,C_8,R_30,россия
1056,C_8,R_30,который
1057,C_8,R_30,лидер президент
1058,C_8,R_30,который россия
1059,C_8,R_30,глава который президент россия свой страна
1060,C_8,R_30,россия страна
1061,C_8,R_30,россия
1062,C_8,R_30,который
1063,C_8,R_30,который
1064,C_8,R_30,который президент россия
1065,C_8,R_30,который
1066,C_8,R_30,россия украина
1067,C_8,R_30,который лидер
1068,C_8,R_30,который
1069,C_8,R_30,который свой
1070,C_8,R_30,который
1071,C_9,R_30,который
1072,C_9,R_30,военный лидер сербия
1073,C_9,R_30,который
1074,C_9,R_30,военный который страна сша
1075,C_9,R_30,страна сша
1076,C_9,R_30,который
1077,C_9,R_30,военный который операция сша
1078,C_9,R_30,город
1079,C_9,R_30,который
1080,C_9,R_30,город который
1081,C_9,R_30,военный который лидер оон сша
1082,C_9,R_30,который
1083,C_9,R_30,город который
1084,C_9,R_30,который
1085,C_10,R_30,долл рынок
1086,C_10,R_30,сша
1087,C_10,R_30,рост рынок составить сша цена
1088,C_10,R_30,млн рынок составить цена
1089,C_10,R_30,сша
1090,C_10,R_30,день
1091,C_10,R_30,долл млн поставка цена
1092,C_10,R_30,долл млн неделя рост рынок торг цена
1093,C_10,R_30,сша
1094,C_10,R_30,день
1095,C_11,R_30,банк валюта евро россия руб рынок
1096,C_11,R_30,американский отношение россия
1097,C_11,R_30,банк россия рынок составить уровень
1098,C_11,R_30,банк россия руб рынок составить
1099,C_11,R_30,день
1100,C_11,R_30,отношение россия
1101,C_11,R_30,россия
1102,C_11,R_30,рынок торг
1103,C_11,R_30,день
1104,C_12,R_30,который
1105,C_12,R_30,который
1106,C_12,R_30,который
1107,C_12,R_30,который погибнуть человек
1108,C_12,R_30,инцидент находиться погибнуть произойти человек
1109,C_12,R_30,который
1110,C_12,R_30,полёт экипаж
1111,C_12,R_30,инцидент который находиться пассажир погибнуть произойти человек
1112,C_12,R_30,который
1113,C_12,R_30,который человек
1114,C_12,R_30,время который человек
1115,C_12,R_30,борт который крушение находиться человек экипаж
1116,C_13,R_30,военный президент
1117,C_13,R_30,арест бывший обвинение преступление суд
1118,C_13,R_30,военный
1119,C_13,R_30,президент преступление
1120,C_13,R_30,военный лидер
1121,C_14,R_30,банк год объём россия рынок ставка
1122,C_14,R_30,банк год млрд объём россия руб рынок средство ставка
1123,C_14,R_30,год который
1124,C_14,R_30,который
1125,C_14,R_30,который российский россия
1126,C_14,R_30,год
1127,C_14,R_30,который
1128,C_14,R_30,год долл млрд объём российский россия
1129,C_14,R_30,долл млрд российский рынок
1130,C_14,R_30,который
1131,C_14,R_30,год который
1132,C_14,R_30,год который
1133,C_14,R_30,который российский
1134,C_15,R_30,год россия
1135,C_15,R_30,год который
1136,C_15,R_30,военный который сша
1137,C_15,R_30,дом
1138,C_15,R_30,который отношение президент российский россия
1139,C_15,R_30,год
1140,C_15,R_30,который
1141,C_15,R_30,год российский россия
1142,C_15,R_30,российский
1143,C_15,R_30,военный заявить который сша
1144,C_15,R_30,год который новый это
1145,C_15,R_30,год дом который свой это
1146,C_15,R_30,который российский
1147,C_16,R_30,год
1148,C_16,R_30,сша
1149,C_16,R_30,россия
1150,C_16,R_30,год
1151,C_16,R_30,год объём россия цена
1152,C_16,R_30,аналитик рост рынок снижение цена
1153,C_16,R_30,сша
1154,C_16,R_30,год
1155,C_16,R_30,год
1156,C_17,R_30,россия
1157,C_17,R_30,год
1158,C_17,R_30,год млн млрд объём россия цена
1159,C_17,R_30,млн млрд облигация рынок цена
1160,C_17,R_30,год
1161,C_17,R_30,год
1162,C_18,R_30,москва
1163,C_18,R_30,дело уголовный
1164,C_18,R_30,дело который москва преступление прокуратура убийство уголовный
1165,C_18,R_30,год
1166,C_18,R_30,который москва
1167,C_18,R_30,год компания
1168,C_18,R_30,компания
1169,C_18,R_30,который
1170,C_18,R_30,год который
1171,C_18,R_30,год который
1172,C_18,R_30,который
1173,C_19,R_30,погибнуть правоохранительный результат сотрудник теракт человек
1174,C_19,R_30,который сотрудник
1175,C_19,R_30,который погибнуть район результат сотрудник человек
1176,C_19,R_30,боевик военный группировка который сша теракт
1177,C_19,R_30,который человек
1178,C_19,R_30,который человек
1179,C_19,R_30,который человек
1180,C_20,R_30,москва
1181,C_20,R_30,москва
1182,C_20,R_30,день
1183,C_21,R_30,город данные инцидент место находиться около погибнуть получить пострадать произойти происшествие результат сообщить сотрудник человек
1184,C_21,R_30,теракт
1185,C_21,R_30,человек
1186,C_21,R_30,город дом человек
1187,C_21,R_30,находиться человек
1188,C_22,R_30,который москва сообщить сотрудник
1189,C_22,R_30,российский россия
1190,C_22,R_30,российский
1191,C_22,R_30,который
1192,C_22,R_30,который
1193,C_22,R_30,который
1194,C_22,R_30,который российский
1195,C_23,R_30,год
1196,C_23,R_30,год земля
1197,C_23,R_30,год
1198,C_23,R_30,корабль экипаж
1199,C_24,R_30,который
1200,C_24,R_30,который человек
1201,C_24,R_30,город который человек
1202,C_24,R_30,который находиться человек
1203,C_25,R_30,газ переговоры
1204,C_25,R_30,год
1205,C_25,R_30,год
1206,C_25,R_30,российский
1207,C_26,R_30,российский
1208,C_27,R_30,который
1209,C_27,R_30,который
1210,C_28,R_30,вода который человек
